subreddit,rank,term,tfidf
ClimateShitposting,1,nuclear,0.40667
ClimateShitposting,2,energy,0.21919
ClimateShitposting,3,power,0.20196
ClimateShitposting,4,gt,0.14819
ClimateShitposting,5,solar,0.13303
ClimateShitposting,6,climate,0.12958
ClimateShitposting,7,change,0.11787
ClimateShitposting,8,renewables,0.1158
ClimateShitposting,9,meat,0.09926
ClimateShitposting,10,actually,0.09926
Futurology,1,us,0.22167
Futurology,2,energy,0.1902
Futurology,3,ai,0.18335
Futurology,4,power,0.16721
Futurology,5,world,0.14887
Futurology,6,going,0.14668
Futurology,7,solar,0.13929
Futurology,8,china,0.13929
Futurology,9,gt,0.12917
Futurology,10,already,0.11083
canada,1,canada,0.27203
canada,2,climate,0.20016
canada,3,going,0.15765
canada,4,us,0.15224
canada,5,change,0.14915
canada,6,oil,0.14838
canada,7,gt,0.1337
canada,8,emissions,0.12829
canada,9,alberta,0.11928
canada,10,world,0.11515
changemyview,1,gt,0.21969
changemyview,2,us,0.19522
changemyview,3,right,0.14588
changemyview,4,point,0.12657
changemyview,5,say,0.12394
changemyview,6,world,0.11633
changemyview,7,change,0.10726
changemyview,8,trump,0.10297
changemyview,9,going,0.09917
changemyview,10,something,0.09039
climate,1,climate,0.39095
climate,2,change,0.22627
climate,3,us,0.20297
climate,4,climate change,0.16021
climate,5,world,0.13723
climate,6,emissions,0.135
climate,7,going,0.13244
climate,8,energy,0.11776
climate,9,carbon,0.11489
climate,10,gt,0.10883
climatechange,1,climate,0.37871
climatechange,2,change,0.2557
climatechange,3,climate change,0.17897
climatechange,4,co,0.17146
climatechange,5,gt,0.17086
climatechange,6,emissions,0.16276
climatechange,7,energy,0.15663
climatechange,8,us,0.12755
climatechange,9,global,0.11608
climatechange,10,world,0.11411
climateskeptics,1,climate,0.39659
climateskeptics,2,change,0.23838
climateskeptics,3,energy,0.22723
climateskeptics,4,gt,0.2198
climateskeptics,5,co,0.19484
climateskeptics,6,temperature,0.1598
climateskeptics,7,climate change,0.14759
climateskeptics,8,science,0.1306
climateskeptics,9,lapse,0.12288
climateskeptics,10,warming,0.11308
conspiracy,1,us,0.20422
conspiracy,2,earth,0.20164
conspiracy,3,world,0.14487
conspiracy,4,believe,0.1187
conspiracy,5,something,0.11815
conspiracy,6,god,0.11557
conspiracy,7,right,0.11133
conspiracy,8,human,0.11041
conspiracy,9,say,0.10727
conspiracy,10,real,0.1058
energy,1,energy,0.37534
energy,2,solar,0.26942
energy,3,oil,0.21739
energy,4,us,0.20841
energy,5,china,0.19362
energy,6,power,0.1886
energy,7,trump,0.16509
energy,8,wind,0.13286
energy,9,gas,0.13049
energy,10,coal,0.12969
europe,1,nuclear,0.29168
europe,2,energy,0.22067
europe,3,gt,0.18666
europe,4,europe,0.17815
europe,5,power,0.17178
europe,6,eu,0.16327
europe,7,us,0.14796
europe,8,china,0.13436
europe,9,countries,0.11565
europe,10,germany,0.1046
news,1,us,0.1702
news,2,flood,0.16088
news,3,going,0.14805
news,4,texas,0.14396
news,5,state,0.1329
news,6,fema,0.11712
news,7,gt,0.11308
news,8,trump,0.11308
news,9,right,0.11191
news,10,change,0.11191
politics,1,trump,0.37214
politics,2,us,0.1909
politics,3,climate,0.15227
politics,4,going,0.15056
politics,5,gt,0.13352
politics,6,right,0.12897
politics,7,texas,0.11734
politics,8,change,0.11704
politics,9,money,0.10056
politics,10,shit,0.09738
science,1,climate,0.21677
science,2,change,0.19425
science,3,gt,0.16258
science,4,us,0.1302
science,5,water,0.12035
science,6,carbon,0.12035
science,7,use,0.11331
science,8,climate change,0.11261
science,9,emissions,0.1112
science,10,co,0.10768
unitedkingdom,1,uk,0.21771
unitedkingdom,2,climate,0.20286
unitedkingdom,3,energy,0.17317
unitedkingdom,4,water,0.15091
unitedkingdom,5,change,0.14596
unitedkingdom,6,gt,0.14266
unitedkingdom,7,going,0.12782
unitedkingdom,8,us,0.12782
unitedkingdom,9,gas,0.1171
unitedkingdom,10,climate change,0.11298
worldnews,1,us,0.24775
worldnews,2,china,0.20597
worldnews,3,climate,0.19131
worldnews,4,world,0.17225
worldnews,5,going,0.14073
worldnews,6,gt,0.13634
worldnews,7,energy,0.13194
worldnews,8,change,0.12314
worldnews,9,trump,0.11728
worldnews,10,earth,0.10922
